COX1_C_aureus	>NC_067757.1:5350-6894 Canis aureus isolate 1886-Antalya voucher 1886_CaAu mitochondrion, complete genome								
COX1_C_familiaris	>NC_002008.4:5349-6893 Canis lupus familiaris mitochondrion, complete genome								
COX1_C_latrans	>NC_008093.1:5350-6894 Canis latrans mitochondrion, complete genome								
COX1_C_lupus	>NC_009686.1:5350-6894 Canis lupus lupus mitochondrion, complete genome								
COX1_C_rufus	>NC_062617.1:5692-7236 Canis rufus mitochondrion, complete genome								
COX1_V_vulpes	>NC_008434.1:5350-6894 Vulpes vulpes mitochondrion, complete genome								
