CytB_C_aureus	>NC_067757.1:14185-15324 Canis aureus isolate 1886-Antalya voucher 1886_CaAu mitochondrion, complete genome
CytB_C_latrans	>NC_008093.1:14185-15324 Canis latrans mitochondrion, complete genome
CytB_C_rufus	>NC_062617.1:14527-15666 Canis rufus mitochondrion, complete genome
CytB_C_familiaris	>NC_002008.4:14183-15322 Canis lupus familiaris mitochondrion, complete genome
CytB_C_lupus	>NC_009686.1:14184-15323 Canis lupus lupus mitochondrion, complete genome
CytB_V_vulpes	>NC_008434.1:14185-15324 Vulpes vulpes mitochondrion, complete genome